Country Name,"Out-of-school children, one year younger than official primary entry age, female (number) - 2018","Out-of-school children, one year younger than official primary entry age, male (number) - 2018","Out-of-school rate for children one year younger than official age, adjusted gender parity index (GPIA) - 2018","Out-of-school rate for children one year younger than official primary entrance age, both sexes (%) - 2018","Out-of-school rate for children one year younger than official primary entrance age, female (%) - 2018","Out-of-school rate for children one year younger than official primary entrance age, male (%) - 2018","School life expectancy, pre-primary, female (years) - 2018","School life expectancy, pre-primary, gender parity index (GPI) - 2018","School life expectancy, pre-primary, male (years) - 2018","Proportion of primary schools with access to adapted infrastructure and materials for students with disabilities (%) - 2018","Proportion of primary schools with access to basic drinking water (%) - 2018","Proportion of primary schools with access to computers for pedagogical purposes (%) - 2018","Proportion of primary schools with access to electricity (%) - 2018","Proportion of primary schools with access to Internet for pedagogical purposes (%) - 2018","Proportion of primary schools with basic handwashing facilities (%) - 2018","Proportion of primary schools with single-sex basic sanitation facilities (%) - 2018","Official entrance age to primary education (years) - 2018","Percentage of primary schools providing life skills-based HIV and sexuality education - 2018","Percentage of students in primary education who have their first or home language as language of instruction, adjusted gender parity index (GPIA) - 2018","Percentage of students in primary education who have their first or home language as language of instruction, adjusted location parity index (LPIA) - 2018","Percentage of students in primary education who have their first or home language as language of instruction, adjusted wealth parity index (WPIA) - 2018","Percentage of students in primary education who have their first or home language as language of instruction, female (%) - 2018","Percentage of students in primary education who have their first or home language as language of instruction, male (%) - 2018","Theoretical duration of primary education (years) - 2018","School life expectancy, primary, female (years) - 2018","School life expectancy, primary, male (years) - 2018","Out-of-school adolescents and youth of secondary school age, female (number) - 2018","Out-of-school adolescents and youth of secondary school age, male (number) - 2018","Out-of-school rate for adolescents of lower secondary school age, male (%) - 2018","School life expectancy, post-secondary non-tertiary, both sexes (years) - 2018","School life expectancy, post-secondary non-tertiary, female (years) - 2018","School life expectancy, primary to tertiary, female (years) - 2018","School life expectancy, primary to tertiary, male (years) - 2018","School life expectancy, tertiary, female (years) - 2018","School life expectancy, tertiary, male (years) - 2018","Government expenditure on education, constant US$ (millions) - 2018","Government expenditure on education not specified by level, US$ (millions) - 2018","Adult illiterate population, 15+ years, female (number) - 2018","Adult illiterate population, 15+ years, male (number) - 2018","Official entrance age to compulsory education (years) - 2018","Duration of compulsory education (years) - 2018"
Afghanistan,"NA","NA","NA","NA","NA","NA","NA","NA","NA","NA","59.62904","NA","NA","NA","4.63701","25.66295","7","NA","NA","NA","NA","NA","NA","6","4.98383","7.47084","NA","NA","NA","0.13261","0.09464","7.71647","12.55983","0.24525","0.7104","NA","NA","7205193","4848681","7","9"
Albania,"NA","NA","NA","NA","NA","NA","2.45112","1.01055","2.42554","5.06266","54.98747","50.37594","94.08521","46.76692","71.02757","82.75689","6","79.09774","NA","NA","NA","NA","NA","5","5.42771","5.21853","9505","16981","5.22058","NA","NA","15.50103","13.95683","3.4352","2.15739","NA","NA","26296","17818","6","9"
Algeria,"NA","NA","NA","NA","NA","NA","NA","NA","NA","NA","NA","NA","NA","NA","NA","NA","6","0","NA","NA","NA","NA","NA","5","5.4043","5.71712","NA","NA","NA","NA","NA","NA","NA","3.22104","1.94159","NA","NA","3618525","1865624","6","10"
American Samoa,"NA","NA","NA","NA","NA","NA","NA","NA","NA","NA","NA","NA","NA","NA","NA","NA","6","NA","NA","NA","NA","NA","NA","6","NA","NA","NA","NA","NA","NA","NA","NA","NA","NA","NA","NA","NA","NA","NA","NA","NA"
Andorra,"NA","NA","NA","NA","NA","NA","NA","NA","NA","100","100","100","100","100","100","100","6","100","NA","NA","NA","NA","NA","6","NA","NA","NA","NA","NA","NA","NA","NA","NA","NA","NA","98.9551","37.12919","NA","NA","6","10"
Angola,"NA","NA","NA","NA","NA","NA","NA","NA","NA","NA","NA","NA","NA","NA","NA","NA","6","NA","NA","NA","NA","NA","NA","6","NA","NA","NA","NA","NA","NA","NA","NA","NA","NA","NA","NA","NA","NA","NA","6","6"
Antigua and Barbuda,"30","99","0.31241","8.93352","4.21941","13.50614","1.47973","1.11137","1.33145","5","100","90","100","90","100","100","5","100","NA","NA","NA","NA","NA","7","7.31231","7.37311","208","222","0.9962","NA","NA","NA","NA","NA","NA","NA","NA","NA","NA","5","11"
Argentina,"NA","NA","NA","NA","NA","NA","NA","NA","NA","NA","NA","NA","NA","NA","NA","NA","6","NA","NA","NA","NA","NA","NA","6","NA","NA","NA","NA","NA","NA","NA","NA","NA","NA","NA","NA","NA","162623","170377","4","14"
Armenia,"10176","12415","0.93045","52.464","50.45867","54.23055","1.19179","1.08474","1.09869","NA","NA","100","100","100","NA","NA","6","0","NA","NA","NA","NA","NA","4","3.71493","3.71496","NA","NA","8.97906","NA","NA","13.60293","12.5846","3.13242","2.35596","NA","NA","NA","NA","6","12"
Aruba,"NA","NA","NA","NA","NA","NA","NA","NA","NA","NA","NA","NA","NA","NA","NA","NA","6","NA","NA","NA","NA","NA","NA","6","NA","NA","NA","NA","NA","NA","NA","NA","NA","NA","NA","NA","NA","1014","894","4","13"
Australia,"22212","22277","1.04811","13.80865","14.15814","13.47695","1.62244","0.9565","1.69622","NA","NA","NA","NA","NA","NA","NA","5","NA","NA","NA","NA","NA","NA","7","7.01959","7.03007","32581","43408","2.31709","0.75736","0.82798","21.08594","19.94163","5.83181","4.34893","NA","NA","NA","NA","6","10"
Austria,"0","164","0","0.19891","0","0.38572","3.08895","0.9901","3.11984","NA","NA","NA","NA","NA","NA","NA","6","NA","NA","NA","NA","NA","NA","4","4.11788","4.14118","15726","19194","0.55238","0.15754","0.25608","16.38978","15.76267","4.28346","3.57296","NA","NA","NA","NA","5","13"
Azerbaijan,"25076","28120","1.02943","30.88105","31.37598","30.45267","1.17771","0.99132","1.18802","NA","100","94.38936","100","53.62776","100","100","6","NA","NA","NA","NA","NA","NA","4","4.10228","4.07541","2594","5192","0.1933","0.26402","0.25329","13.42967","13.20405","1.54273","1.3243","1018.48107","0","NA","NA","5","10"
"Bahamas, The","1569","1763","0.93792","62.44378","60.39261","64.39007","0.70203","1.07576","0.65259","NA","NA","NA","NA","NA","NA","NA","5","NA","NA","NA","NA","NA","NA","6","4.83529","4.85806","5744","6254","30.25849","NA","NA","NA","NA","NA","NA","NA","NA","NA","NA","5","12"
Bahrain,"2908","3297","0.9346","29.49285","28.46794","30.46009","1.64396","1.02739","1.60013","100","100","100","100","100","100","100","6","100","NA","NA","NA","NA","NA","6","5.92913","6.00684","1479","5374","8.61386","2.09036","1.43519","16.6709","16.09411","3.22518","1.67008","NA","NA","21369","10441","6","9"
Bangladesh,"NA","NA","NA","NA","NA","NA","1.24659","1.03952","1.1992","NA","NA","NA","NA","NA","NA","NA","6","NA","NA","NA","NA","NA","NA","5","6.00878","5.59797","NA","NA","NA","0.09961","0.03605","12.39392","11.69482","0.85228","1.20913","NA","NA","16664525","13727568","6","5"
Barbados,"NA","NA","NA","NA","NA","NA","1.75362","1.02126","1.71712","NA","100","NA","100","NA","100","100","5","NA","NA","NA","NA","NA","NA","6","5.84835","6.07212","176","683","5","0.80289","0.7576","NA","NA","NA","NA","NA","NA","NA","NA","5","11"
Belarus,"1975","282","1.86567","1.94839","3.51718","0.47247","2.91519","0.96328","3.02632","NA","100","100","100","87.00696","100","100","6","NA","NA","NA","NA","NA","NA","4","4.05529","4.06662","1828","5314","1.28882","0.1659","0.12524","15.66329","15.15881","4.32098","3.61266","NA","NA","11751","7381","6","9"
Belgium,"1034","2019","0.53982","2.29644","1.59758","2.95946","3.44312","1.00365","3.4306","NA","100","100","100","100","100","NA","6","NA","NA","NA","NA","NA","NA","6","6.21212","6.19143","5187","4515","0.61407","0.43759","0.45619","20.5505","18.59667","4.33405","3.33037","NA","NA","NA","NA","6","12"
Belize,"498","608","0.84284","14.37484","13.13291","15.58175","0.97548","1.05363","0.92583","NA","NA","NA","NA","NA","NA","NA","5","NA","NA","NA","NA","NA","NA","6","6.50802","6.85874","4264","4610","10.38724","NA","NA","13.4051","12.88379","1.65494","0.9937","136.72934","19.92573","NA","NA","5","8"
Benin,"25626","25165","1.04667","15.1992","15.56789","14.84127","0.50675","1.0334","0.49037","NA","NA","NA","25.58659","NA","NA","NA","6","NA","NA","NA","NA","NA","NA","6","7.02052","7.51321","NA","NA","NA","NA","NA","NA","NA","0.41797","0.95518","397.62117","NA","2310251","1499538","6","6"
Bermuda,"NA","NA","NA","NA","NA","NA","NA","NA","NA","NA","NA","NA","NA","NA","NA","NA","5","NA","NA","NA","NA","NA","NA","6","NA","NA","NA","NA","NA","NA","NA","NA","NA","1.13655","0.77353","NA","NA","NA","NA","5","13"
Bhutan,"3943","4162","0.97829","65.36817","64.63934","66.07398","0.69014","1.01051","0.68296","NA","NA","NA","NA","51.62338","NA","NA","6","NA","NA","NA","NA","NA","NA","7","6.97475","6.96336","4736","9970","17.99222","NA","NA","13.46645","12.75028","0.77461","0.78053","154.78814","NA","NA","NA","NA","NA"
Bolivia,"11086","12336","0.93917","9.87941","9.56291","10.18225","1.50263","1.01646","1.47831","NA","NA","NA","NA","NA","NA","NA","6","NA","NA","NA","NA","NA","NA","6","5.87362","5.92645","126244","129493","13.17153","NA","NA","NA","NA","NA","NA","NA","NA","NA","NA","4","14"
Bosnia and Herzegovina,"NA","NA","NA","NA","NA","NA","NA","NA","NA","NA","NA","NA","NA","NA","NA","NA","6","NA","NA","NA","NA","NA","NA","5","NA","NA","NA","NA","NA","NA","NA","NA","NA","NA","NA","NA","NA","NA","NA","6","9"
Botswana,"NA","NA","NA","NA","NA","NA","NA","NA","NA","NA","NA","NA","NA","NA","NA","NA","6","NA","NA","NA","NA","NA","NA","7","NA","NA","NA","NA","NA","NA","NA","NA","NA","NA","NA","NA","NA","NA","NA","NA","NA"
Brazil,"NA","NA","NA","NA","NA","NA","NA","NA","NA","NA","NA","NA","NA","NA","NA","NA","6","NA","NA","NA","NA","NA","NA","5","NA","NA","NA","NA","NA","NA","NA","NA","NA","NA","NA","NA","NA","5562972","5604800","4","14"
British Virgin Islands,"0","13","NA","4.58442","0","8.9159","1.9147","1.02733","1.86377","26.08696","100","100","100","100","91.30435","100","5","NA","NA","NA","NA","NA","NA","7","7.25226","7.21676","379","388","28.31595","NA","NA","12.35523","11.60197","1.04301","0.59743","NA","0","NA","NA","5","12"
Brunei Darussalam,"196","210","0.99885","5.85774","5.85424","5.86101","1.9811","1.01071","1.96011","NA","NA","NA","100","NA","100","100","6","NA","NA","NA","NA","NA","NA","6","6.22089","6.17248","2737","3595","NA","NA","NA","14.76745","13.88489","1.91148","1.23046","NA","NA","5850","3348","6","9"
Bulgaria,"7314","7041","1.08797","19.47576","20.39712","18.60287","3.18025","0.99173","3.20679","NA","NA","NA","NA","NA","NA","NA","7","NA","NA","NA","NA","NA","NA","4","3.48947","3.50637","33906","29419","12.4324","0.01271","0.00941","14.39992","14.00483","3.49773","2.82468","NA","NA","NA","NA","5","11"
Burkina Faso,"250973","259056","1.00215","83.51206","83.60332","83.42382","0.13019","0.99153","0.1313","NA","58.16197","0.31734","19.21173","0.13963","29.53795","NA","6","2.2658","NA","NA","NA","NA","NA","6","5.85153","5.93779","801502","860474","45.27858","NA","NA","9.10409","9.44096","0.26681","0.4854","814.90319","NA","3725570","2665425","6","10"
Burundi,"93176","97370","0.96929","55.44382","54.57378","56.30276","0.30547","1.04012","0.29368","0","38.52844","0","8.43912","0","20.52186","35.09638","7","99.3418","NA","NA","NA","NA","NA","6","7.49668","7.4347","301921","337402","35.1721","NA","NA","10.89515","10.65807","0.15359","0.25261","163.70333","NA","NA","NA","NA","NA"
Cabo Verde,"992","1039","0.98235","19.28409","19.11","19.45329","2.20512","1.00744","2.18884","NA","98.78049","41.95122","79.26829","15.85366","77.56098","92.19512","6","58.53659","NA","NA","NA","NA","NA","6","6.03049","6.4588","5544","6546","13.75","0.00557","0.00455","13.00302","12.41752","1.3717","0.89922","NA","NA","NA","NA","6","10"
Cambodia,"NA","NA","NA","NA","NA","NA","0.73229","1.04542","0.70047","NA","NA","NA","NA","NA","NA","NA","6","NA","NA","NA","NA","NA","NA","6","6.44604","6.64844","NA","NA","NA","NA","NA","NA","NA","0.64898","0.72677","515.48776","NA","NA","NA","NA","NA"
Cameroon,"NA","NA","NA","NA","NA","NA","0.69102","1.01966","0.6777","NA","NA","NA","27.74291","NA","NA","NA","6","NA","NA","NA","NA","NA","NA","6","5.90385","6.55953","NA","NA","NA","NA","NA","NA","NA","0.67019","0.75624","1140.74396","NA","2068634","1248309","6","6"
Canada,"NA","NA","NA","NA","NA","NA","NA","NA","NA","NA","NA","NA","NA","NA","NA","NA","6","NA","NA","NA","NA","NA","NA","6","6.0771","6.10335","37587","42055","NA","NA","NA","16.7226","15.74368","3.8408","2.90385","NA","NA","NA","NA","6","10"
Cayman Islands,"14","0","NA","1.74448","3.54666","0","1.75965","0.97722","1.80067","100","100","100","100","100","100","100","5","NA","NA","NA","NA","NA","NA","6","5.16759","5.34721","475","523","21.02128","0.54525","0.65809","NA","NA","NA","NA","NA","NA","NA","NA","4","12"
Central African Republic,"NA","NA","NA","NA","NA","NA","NA","NA","NA","NA","NA","NA","NA","NA","NA","NA","6","NA","NA","NA","NA","NA","NA","6","NA","NA","NA","NA","NA","NA","NA","NA","NA","NA","NA","NA","NA","984428","642926","6","10"
Chad,"219765","217025","1.02046","87.20852","88.1136","86.31078","0.03197","0.94365","0.03387","NA","14.99647","NA","3.37862","NA","19.59245","NA","6","NA","NA","NA","NA","NA","NA","6","4.7816","6.16781","954624","763552","52.53788","NA","NA","NA","NA","NA","NA","NA","57.07785","NA","NA","6","10"
Channel Islands,"NA","NA","NA","NA","NA","NA","NA","NA","NA","NA","NA","NA","NA","NA","NA","NA","NA","NA","NA","NA","NA","NA","NA","NA","NA","NA","NA","NA","NA","NA","NA","NA","NA","NA","NA","NA","NA","NA","NA","NA","NA"
Chile,"10133","10400","1.00968","8.11164","8.15179","8.0729","2.43754","0.98203","2.48214","NA","NA","NA","NA","NA","NA","NA","6","NA","NA","NA","NA","NA","NA","6","6.04406","6.2238","37021","35058","4.74897","NA","NA","16.83295","16.34484","4.72172","4.06467","NA","NA","NA","NA","6","12"
China,"NA","NA","NA","NA","NA","NA","2.65116","1.00593","2.63552","NA","99.55931","97.08219","99.25214","96.2499","97.16842","99.35572","6","NA","NA","NA","NA","99.62832","99.40857","6","6.05507","5.98806","NA","NA","NA","NA","NA","NA","NA","2.77782","2.27932","NA","NA","27897140","9141258","6","9"
Colombia,"0","5687","0","0.77189","0","1.50942","2.35693","1.001","2.35457","NA","NA","NA","NA","NA","NA","NA","6","NA","NA","NA","NA","NA","NA","5","5.59622","5.75724","251630","298093","6.4294","0.01398","0.02231","14.66849","14.1376","3.07549","2.70886","14251.88043","27.68873","921657","952994","5","12"
Comoros,"7740","8148","0.98536","70.09927","69.57303","70.60659","0.66681","1.03237","0.64591","NA","NA","NA","NA","NA","NA","NA","6","NA","NA","NA","NA","NA","NA","6","6.0865","6.0989","18560","20758","20.13362","NA","NA","NA","NA","NA","NA","NA","NA","118036","89213","6","6"
"Congo, Dem. Rep.","NA","NA","NA","NA","NA","NA","0.17456","1.05128","0.16604","NA","NA","NA","NA","NA","NA","NA","6","NA","NA","NA","NA","NA","NA","6","6.88054","7.33111","NA","NA","NA","NA","NA","NA","NA","NA","NA","NA","NA","NA","NA","6","6"
"Congo, Rep.","NA","NA","NA","NA","NA","NA","NA","NA","NA","NA","NA","NA","NA","NA","NA","NA","6","NA","NA","NA","NA","NA","NA","6","NA","NA","NA","NA","NA","NA","NA","NA","NA","NA","NA","322.30529","NA","390894","210807","6","10"
Costa Rica,"859","1434","0.62744","3.20142","2.4554","3.91338","1.96555","1.00655","1.95276","55.39345","82.87491","63.35805","96.14925","59.2442","66.03683","68.21335","6","0","NA","NA","NA","NA","NA","6","6.75869","6.73063","9474","12854","4.38458","NA","NA","16.40506","15.41735","3.03401","2.49799","4189.77401","481.37064","41087","42937","4","13"
Cote d'Ivoire,"NA","NA","NA","NA","NA","NA","0.24863","1.01786","0.24427","NA","42.63726","NA","38.2202","NA","31.14938","NA","6","NA","NA","NA","NA","NA","NA","6","5.76238","6.24862","1144311","935923","41.48843","NA","NA","NA","NA","NA","NA","1793.83781","1.77266","4273045","3417542","6","10"
Croatia,"990","1169","0.89613","5.05419","4.76993","5.32283","2.75418","0.99163","2.77742","NA","NA","NA","NA","NA","NA","NA","7","NA","NA","NA","NA","NA","NA","4","3.78836","3.77684","9761","15777","NA","NA","NA","15.92405","14.47286","3.8867","2.80295","NA","NA","NA","NA","7","8"
Cuba,"0","79","0","0.06409","0","0.12474","2.95345","1.00373","2.94247","NA","100","100","100","12.58789","100","100","6","100","NA","NA","NA","NA","NA","6","5.97025","6.23234","44559","61021","5.64366","0.06039","0.09548","14.70576","13.87923","2.55039","1.61414","NA","NA","NA","NA","6","9"
Curacao,"NA","NA","NA","NA","NA","NA","NA","NA","NA","NA","NA","NA","NA","NA","NA","NA","6","NA","NA","NA","NA","NA","NA","6","NA","NA","NA","NA","NA","NA","NA","NA","NA","NA","NA","NA","NA","NA","NA","4","14"
Cyprus,"114","57","1.53586","1.69592","2.34858","1.09007","2.51084","0.96917","2.59071","NA","NA","NA","NA","NA","NA","NA","6","NA","NA","NA","NA","NA","NA","6","5.96889","6.02434","1114","810","NA","NA","NA","15.434","15.27757","3.55482","3.20158","NA","NA","NA","NA","5","10"
Czechia,"5594","5837","1.01175","9.95818","10.01863","9.90094","3.23689","0.97487","3.32032","NA","NA","NA","NA","NA","NA","NA","6","NA","NA","NA","NA","NA","NA","5","5.07691","5.05891","8441","7567","1.07661","0.18289","0.21852","16.80295","15.77533","3.29583","2.35395","NA","NA","NA","NA","6","9"
Denmark,"659","560","1.19848","1.96705","2.19082","1.75598","2.9541","0.97965","3.01546","NA","NA","NA","NA","NA","NA","NA","6","NA","NA","NA","NA","NA","NA","7","7.03188","7.03922","10755","12140","NA","NA","NA","19.43768","18.17021","4.74058","3.50938","NA","NA","NA","NA","6","10"
Djibouti,"8279","8946","0.99654","90.50546","90.34265","90.65667","0.15305","0.96396","0.15877","NA","NA","NA","NA","NA","NA","NA","6","NA","NA","NA","NA","NA","NA","5","3.57363","3.47315","NA","NA","NA","0.02015","0.01299","NA","NA","NA","NA","NA","NA","NA","NA","6","10"
Dominica,"NA","NA","NA","NA","NA","NA","NA","NA","NA","NA","NA","NA","NA","NA","NA","NA","5","NA","NA","NA","NA","NA","NA","7","NA","NA","NA","NA","NA","NA","NA","NA","NA","NA","NA","NA","NA","NA","NA","5","12"
Dominican Republic,"11487","12602","0.9407","12.40493","12.02009","12.77782","1.55718","1.01956","1.52731","NA","NA","NA","NA","NA","NA","NA","6","NA","NA","NA","NA","NA","NA","6","6.14548","6.52976","97153","106639","10.55949","NA","NA","NA","NA","NA","NA","NA","255.40824","NA","NA","3","15"
Ecuador,"4436","12811","0.36189","5.41329","2.84746","7.86834","2.04134","1.05416","1.93646","NA","40.34143","74.87427","78.8907","39.27888","82.5742","NA","6","NA","NA","NA","NA","NA","NA","6","6.24162","6.14171","102785","126169","6.24809","NA","NA","NA","NA","NA","NA","NA","NA","NA","NA","3","15"
"Egypt, Arab Rep.","713341","756556","1.0024","62.91551","62.99329","62.84236","0.57952","0.99517","0.58233","NA","NA","NA","NA","NA","NA","NA","6","NA","NA","NA","NA","NA","NA","6","6.40108","6.3833","721474","746751","4.90286","NA","NA","NA","NA","NA","NA","NA","NA","NA","NA","6","12"
El Salvador,"9478","10886","0.91148","17.68829","16.85128","18.48782","2.023","1.02363","1.9763","30.38829","NA","61.0392","98.38679","23.24142","NA","NA","7","NA","NA","NA","NA","NA","NA","6","5.58214","5.79009","94841","91815","16.77541","NA","NA","11.51648","11.69118","1.66243","1.57499","919.17235","0","326557","188685","1","15"
Equatorial Guinea,"NA","NA","NA","NA","NA","NA","NA","NA","NA","NA","NA","NA","NA","NA","NA","NA","7","NA","NA","NA","NA","NA","NA","6","NA","NA","NA","NA","NA","NA","NA","NA","NA","NA","NA","NA","NA","NA","NA","7","6"
Eritrea,"36655","38136","1.00523","73.2692","73.46575","73.08127","0.46242","0.9919","0.4662","NA","NA","NA","28.67275","NA","3.34347","26.24113","6","NA","NA","NA","NA","NA","NA","5","3.2671","3.85065","125089","107562","32.03627","NA","NA","NA","NA","NA","NA","NA","NA","315382","155071","6","8"
Estonia,"876","923","1.00378","11.56021","11.58271","11.53894","3.67686","0.9893","3.71661","NA","NA","NA","NA","NA","NA","NA","7","NA","NA","NA","NA","NA","NA","6","5.89664","5.89974","291","572","2.27144","0.28504","0.42491","16.71954","15.14897","3.57162","2.36672","NA","NA","NA","NA","7","9"
Eswatini,"NA","NA","NA","NA","NA","NA","NA","NA","NA","NA","NA","NA","100","NA","NA","NA","6","100","NA","NA","NA","NA","NA","7","7.87776","8.59328","NA","NA","NA","NA","NA","NA","NA","NA","NA","NA","NA","41960","39469","6","7"
Ethiopia,"NA","NA","NA","NA","NA","NA","NA","NA","NA","NA","NA","NA","NA","NA","NA","NA","7","NA","NA","NA","NA","NA","NA","6","NA","NA","NA","NA","NA","NA","NA","NA","NA","NA","NA","NA","NA","NA","NA","7","8"
Faroe Islands,"NA","NA","NA","NA","NA","NA","NA","NA","NA","NA","NA","NA","NA","NA","NA","NA","NA","NA","NA","NA","NA","NA","NA","NA","NA","NA","NA","NA","NA","NA","NA","NA","NA","NA","NA","NA","NA","NA","NA","7","9"
Fiji,"NA","NA","NA","NA","NA","NA","NA","NA","NA","NA","NA","NA","NA","NA","NA","NA","6","NA","NA","NA","NA","NA","NA","6","NA","NA","NA","NA","NA","NA","NA","NA","NA","NA","NA","NA","NA","NA","NA","NA","NA"
Finland,"982","636","1.38113","2.60045","3.22994","1.99893","3.3942","0.99369","3.41576","100","100","100","100","100","100","100","7","100","NA","NA","NA","NA","NA","6","5.99954","6.0339","4048","2631","NA","0.36234","0.42814","20.30347","18.68957","4.6633","3.9356","NA","NA","NA","NA","6","10"
France,"0","1667","0","0.20452","0","0.39941","3.18363","0.99672","3.1941","NA","100","NA","100","NA","100","100","6","NA","NA","NA","NA","NA","NA","5","5.12873","5.15646","61569","80767","0.82529","0.03729","0.04928","16.13793","15.46002","3.61908","2.9637","NA","NA","NA","NA","6","10"
French Polynesia,"NA","NA","NA","NA","NA","NA","NA","NA","NA","NA","NA","NA","NA","NA","NA","NA","6","NA","NA","NA","NA","NA","NA","5","NA","NA","NA","NA","NA","NA","NA","NA","NA","NA","NA","NA","NA","NA","NA","NA","NA"
Gabon,"NA","NA","NA","NA","NA","NA","NA","NA","NA","NA","NA","NA","NA","NA","NA","NA","6","NA","NA","NA","NA","NA","NA","5","NA","NA","NA","NA","NA","NA","NA","NA","NA","NA","NA","NA","NA","107965","96666","6","10"
"Gambia, The","NA","NA","NA","NA","NA","NA","1.74864","1.0594","1.6506","NA","83.88313","NA","NA","NA","NA","84.16588","7","NA","NA","NA","NA","NA","NA","6","6.32236","5.79286","NA","NA","NA","NA","NA","NA","NA","NA","NA","38.63091","NA","NA","NA","7","9"
Georgia,"NA","NA","NA","NA","NA","NA","NA","NA","NA","NA","100","100","100","100","100","100","6","NA","NA","NA","NA","NA","NA","6","5.96525","5.89798","3179","5652","NA","0.08537","0.10977","15.53048","15.04899","3.10192","2.81493","599.77431","0","NA","NA","6","9"
Germany,"3460","4891","0.74966","1.16262","0.99215","1.32346","3.24688","0.99197","3.27318","NA","100","NA","100","NA","100","100","6","NA","NA","NA","NA","NA","NA","4","4.16137","4.12641","272824","292175","5.52889","0.84855","0.97762","16.90874","16.95451","3.35894","3.24562","NA","NA","NA","NA","6","13"
Ghana,"24894","44285","0.5859","9.0163","6.62623","11.3094","2.33261","1.01605","2.29576","NA","32.72151","3.4963","24.9533","8.40981","35.2473","NA","6","NA","NA","NA","NA","NA","NA","6","6.38029","6.30468","423877","463907","16.54335","NA","NA","11.37626","11.58548","0.67826","0.88623","2501.11817","NA","2349762","1543802","4","11"
Gibraltar,"NA","NA","NA","NA","NA","NA","NA","NA","NA","NA","NA","NA","NA","NA","NA","NA","5","NA","NA","NA","NA","NA","NA","6","NA","NA","NA","NA","NA","NA","NA","NA","NA","NA","NA","NA","NA","NA","NA","5","10"
Greece,"2209","3055","0.77305","5.26379","4.57047","5.91229","1.54796","1.00805","1.53559","NA","NA","NA","NA","NA","NA","NA","6","NA","NA","NA","NA","NA","NA","6","5.97078","5.94999","16928","11622","3.32213","0.73424","0.80674","19.45849","19.54662","6.56976","6.49608","NA","NA","120909","65717","5","10"
Greenland,"NA","NA","NA","NA","NA","NA","NA","NA","NA","NA","NA","NA","NA","NA","NA","NA","NA","NA","NA","NA","NA","NA","NA","NA","NA","NA","NA","NA","NA","NA","NA","NA","NA","NA","NA","NA","NA","NA","NA","6","10"
Grenada,"NA","NA","NA","NA","NA","NA","2.04835","1.03524","1.97862","21.51899","100","72.1519","100","72.1519","100","NA","5","73.41772","NA","NA","NA","NA","NA","7","7.4463","7.60187","NA","NA","NA","0.16084","0.11054","19.1821","18.09245","5.55383","4.42301","NA","NA","NA","NA","5","12"
Guam,"NA","NA","NA","NA","NA","NA","NA","NA","NA","NA","NA","NA","NA","NA","NA","NA","6","NA","NA","NA","NA","NA","NA","8","NA","NA","NA","NA","NA","NA","NA","NA","NA","NA","NA","NA","NA","NA","NA","0","0"
Guatemala,"28050","30252","0.96856","14.87288","14.63025","15.10515","1.53655","1.01495","1.51392","NA","NA","NA","NA","NA","NA","NA","7","NA","NA","NA","NA","NA","NA","6","6.02257","6.18071","549480","516666","30.28116","NA","NA","NA","NA","NA","NA","2321.60767","97.317","NA","NA","0","16"
Guinea,"NA","NA","NA","NA","NA","NA","NA","NA","NA","NA","NA","NA","NA","NA","NA","NA","7","NA","NA","NA","NA","NA","NA","6","NA","NA","NA","NA","NA","NA","NA","NA","NA","NA","NA","254.1869","0","NA","NA","7","6"
Guinea-Bissau,"NA","NA","NA","NA","NA","NA","NA","NA","NA","NA","NA","NA","NA","NA","NA","NA","6","NA","NA","NA","NA","NA","NA","6","NA","NA","NA","NA","NA","NA","NA","NA","NA","NA","NA","NA","NA","NA","NA","6","9"
Guyana,"NA","NA","NA","NA","NA","NA","NA","NA","NA","NA","NA","NA","NA","NA","NA","NA","6","NA","NA","NA","NA","NA","NA","6","NA","NA","NA","NA","NA","NA","NA","NA","NA","NA","NA","203.31589","NA","NA","NA","6","6"
Haiti,"NA","NA","NA","NA","NA","NA","NA","NA","NA","NA","NA","NA","NA","NA","NA","NA","6","NA","NA","NA","NA","NA","NA","6","NA","NA","NA","NA","NA","NA","NA","NA","NA","NA","NA","237.29352","NA","NA","NA","6","6"
Honduras,"NA","NA","NA","NA","NA","NA","NA","NA","NA","NA","NA","NA","NA","NA","NA","NA","6","NA","NA","NA","NA","NA","NA","6","NA","NA","NA","NA","NA","NA","NA","NA","NA","1.71847","1.29416","1455.67552","NA","421442","416084","5","12"
"Hong Kong SAR, China","0","1797","0","3.10219","0","5.77552","3.27913","1.05355","3.11245","94.83568","100","99.21753","100","99.21753","100","100","6","99.68701","NA","NA","NA","NA","NA","6","6.67591","6.4043","1416","1751","NA","0.36025","0.30986","17.14543","16.75865","3.91852","3.57444","11077.33935","750.01283","NA","NA","6","9"
Hungary,"6381","5862","1.12475","13.08195","13.97473","12.23136","3.38262","0.9683","3.49336","NA","NA","NA","NA","NA","NA","NA","7","NA","NA","NA","NA","NA","NA","4","3.86676","3.89059","28413","31098","3.13974","0.68876","0.77028","15.42067","14.84858","2.59761","2.13431","NA","NA","NA","NA","4","13"
Iceland,"67","89","0.78969","3.3599","2.95675","3.74422","2.88234","1.00827","2.85871","NA","NA","NA","NA","NA","NA","NA","6","NA","NA","NA","NA","NA","NA","7","7.02018","7.03877","934","1307","NA","0.2755","0.19595","20.21242","18.17257","4.9386","2.69003","NA","NA","NA","NA","6","10"
India,"NA","NA","NA","NA","NA","NA","1.87034","1.05468","1.77338","64.08189","NA","NA","51.84405","NA","NA","91.72676","6","NA","NA","NA","NA","NA","NA","5","NA","NA","NA","NA","NA","0.02115","0.03329","NA","NA","1.45308","1.35851","NA","NA","162780856","90082894","6","8"
Indonesia,"0","197702","0","4.2018","0","8.20514","1.17147","0.9031","1.29716","NA","58.26943","40.06711","93.13399","NA","69.1064","49.77455","7","NA","NA","NA","NA","NA","NA","6","6.26003","6.48527","2425708","3010531","18.97771","NA","NA","13.67324","13.54619","2.00193","1.77708","NA","NA","5901280","2625272","7","9"
"Iran, Islamic Rep.","NA","NA","NA","NA","NA","NA","NA","NA","NA","NA","NA","NA","NA","NA","NA","NA","6","NA","NA","NA","NA","NA","NA","6","NA","NA","NA","NA","NA","NA","NA","NA","NA","2.68557","3.09881","17153.58901","0","NA","NA","6","9"
Iraq,"NA","NA","NA","NA","NA","NA","NA","NA","NA","NA","NA","NA","NA","NA","NA","NA","6","NA","NA","NA","NA","NA","NA","6","NA","NA","NA","NA","NA","NA","NA","NA","NA","NA","NA","NA","NA","NA","NA","6","6"
Ireland,"0","699","0","1.04322","0","2.03289","1.8574","0.98987","1.8764","NA","NA","NA","NA","NA","NA","NA","5","NA","NA","NA","NA","NA","NA","8","8.04577","8.09021","584","2155","NA","0.39572","0.30406","20.23127","19.26097","3.77237","3.39302","NA","NA","NA","NA","6","10"
Isle of Man,"NA","NA","NA","NA","NA","NA","NA","NA","NA","NA","NA","NA","NA","NA","NA","NA","NA","NA","NA","NA","NA","NA","NA","NA","NA","NA","NA","NA","NA","NA","NA","NA","NA","NA","NA","NA","NA","NA","NA","NA","NA"
Israel,"0","466","0","0.28929","0","0.56325","3.32428","0.99305","3.34756","NA","NA","NA","NA","NA","NA","NA","6","NA","NA","NA","NA","NA","NA","6","6.32658","6.27531","NA","NA","NA","0.12166","0.10249","16.73112","15.54811","3.89682","2.83898","NA","NA","NA","NA","3","15"
Italy,"18983","17231","1.14371","6.63125","7.16078","6.13172","2.77416","0.97836","2.83551","NA","NA","NA","NA","NA","NA","NA","6","NA","NA","NA","NA","NA","NA","5","4.96047","5.12185","87333","103025","1.98982","NA","NA","16.47942","15.89018","3.4904","2.63208","NA","NA","279926","163694","6","12"
Jamaica,"1634","2335","0.72545","8.59017","7.20268","9.92857","2.25669","1.03786","2.17437","NA","NA","85.33792","99.88545","NA","99.88545","NA","6","99.88545","NA","NA","NA","NA","NA","6","5.32729","5.57216","22998","27228","18.87035","1.47226","1.85497","NA","NA","NA","NA","769.82554","0","NA","NA","6","6"
Japan,"NA","NA","NA","NA","NA","NA","NA","NA","NA","NA","NA","NA","NA","NA","NA","NA","6","NA","NA","NA","NA","NA","NA","6","NA","NA","NA","NA","NA","NA","NA","NA","NA","NA","NA","NA","NA","NA","NA","6","9"
Jordan,"65611","68329","0.99307","56.62228","56.4221","56.81584","0.53936","0.99099","0.54427","NA","35.5813","12.74307","35.5813","12.74307","35.5813","35.5813","6","NA","NA","NA","NA","NA","NA","6","4.84193","4.93113","222078","236893","30.469","NA","NA","10.57273","10.26331","1.89314","1.62573","1259.21769","0","70312","45861","6","10"
Kazakhstan,"NA","NA","NA","NA","NA","NA","NA","NA","NA","6.71618","NA","NA","100","NA","NA","NA","7","NA","NA","NA","NA","NA","NA","4","4.16788","4.11063","NA","NA","NA","0.861","0.85706","15.7794","15.11553","2.93218","2.36184","4542.45387","326.99358","18023","10561","7","9"
Kenya,"NA","NA","NA","NA","NA","NA","NA","NA","NA","NA","NA","NA","NA","NA","NA","NA","6","NA","NA","NA","NA","NA","NA","6","NA","NA","NA","NA","NA","NA","NA","NA","NA","NA","NA","3847.76121","NA","3428491","2285968","6","12"
Kiribati,"NA","NA","NA","NA","NA","NA","NA","NA","NA","NA","NA","NA","NA","NA","NA","NA","6","NA","NA","NA","NA","NA","NA","6","NA","NA","NA","NA","NA","NA","NA","NA","NA","NA","NA","NA","NA","NA","NA","6","9"
"Korea, Dem. People's Rep.","NA","NA","NA","NA","NA","NA","NA","NA","NA","NA","NA","NA","NA","NA","NA","NA","7","NA","NA","NA","NA","NA","NA","5","4.51209","4.5137","NA","NA","NA","0.33816","0.41214","NA","NA","0.90253","1.761","NA","NA","NA","NA","6","12"
"Korea, Rep.","2915","3348","0.91827","1.37933","1.31907","1.43647","2.81093","1.00407","2.79953","NA","NA","NA","NA","NA","NA","NA","6","NA","NA","NA","NA","NA","NA","6","5.97105","5.98107","50992","48801","2.7266","NA","NA","15.97784","16.94371","4.15493","5.0755","NA","NA","NA","NA","6","9"
Kosovo,"NA","NA","NA","NA","NA","NA","NA","NA","NA","NA","NA","NA","NA","NA","NA","NA","NA","NA","NA","NA","NA","NA","NA","NA","NA","NA","NA","NA","NA","NA","NA","NA","NA","NA","NA","NA","NA","NA","NA","NA","NA"
Kuwait,"4906","6985","0.77645","18.81547","16.34462","21.05057","1.2844","1.05137","1.22165","NA","100","NA","100","NA","100","100","6","NA","NA","NA","NA","NA","NA","5","4.84061","4.41215","NA","NA","NA","NA","NA","NA","NA","3.80685","1.79128","NA","NA","62161","67541","6","9"
Kyrgyz Republic,"5676","6578","0.90342","8.73028","8.27767","9.16258","1.61533","0.99441","1.62442","NA","NA","NA","NA","NA","NA","NA","7","NA","NA","NA","NA","NA","NA","4","4.20533","4.2393","34779","36457","2.69228","0.08906","0.07661","13.21047","12.73308","2.35223","1.80834","NA","NA","10953","6703","6","10"
Lao PDR,"25003","26472","0.98219","33.05358","32.75087","33.34467","1.41851","1.02606","1.38248","NA","NA","NA","NA","NA","NA","NA","6","NA","NA","NA","NA","NA","NA","5","5.03771","5.24246","162751","152628","24.52897","NA","NA","10.38287","10.88063","0.78584","0.741","NA","NA","NA","NA","6","9"
Latvia,"212","209","1.06865","2.2621","2.34487","2.18391","3.79487","0.991","3.82936","NA","NA","NA","NA","NA","NA","NA","7","NA","NA","NA","NA","NA","NA","6","5.99953","5.97463","1128","1675","1.22258","0.21766","0.27973","16.95646","15.54017","4.22769","2.88759","NA","NA","835","958","5","11"
Lebanon,"NA","NA","NA","NA","NA","NA","NA","NA","NA","NA","NA","66.46526","100","89.87915","100","NA","6","NA","NA","NA","NA","NA","NA","6","NA","NA","NA","NA","NA","NA","NA","NA","NA","NA","NA","NA","NA","170711","79249","6","10"
Lesotho,"NA","NA","NA","NA","NA","NA","NA","NA","NA","NA","NA","NA","NA","NA","NA","NA","6","NA","NA","NA","NA","NA","NA","7","NA","NA","NA","NA","NA","NA","NA","NA","NA","0.70274","0.4347","149.25868","8.01112","NA","NA","6","7"
Liberia,"NA","NA","NA","NA","NA","NA","NA","NA","NA","NA","NA","NA","NA","NA","NA","NA","6","NA","NA","NA","NA","NA","NA","6","NA","NA","NA","NA","NA","NA","NA","NA","NA","NA","NA","86.79385","NA","NA","NA","6","6"
Libya,"NA","NA","NA","NA","NA","NA","NA","NA","NA","NA","NA","NA","NA","NA","NA","NA","6","NA","NA","NA","NA","NA","NA","6","NA","NA","NA","NA","NA","NA","NA","NA","NA","NA","NA","NA","NA","NA","NA","6","9"
Liechtenstein,"NA","NA","NA","NA","NA","NA","1.93169","0.91339","2.11486","NA","NA","NA","NA","NA","NA","NA","7","NA","NA","NA","NA","NA","NA","5","5.29545","5.26758","182","71","1.42672","NA","NA","13.5731","15.66193","1.22987","1.9727","NA","NA","NA","NA","6","9"
Lithuania,"422","399","1.11712","2.83172","3.01429","2.66124","3.52036","0.99209","3.54842","NA","NA","NA","NA","NA","NA","NA","7","NA","NA","NA","NA","NA","NA","4","4.16778","4.17078","620","1419","NA","0.53746","0.59834","17.02736","16.13091","3.83188","2.81753","NA","NA","NA","NA","7","10"
Luxembourg,"24","25","1.0062","0.77852","0.781","0.77616","2.72808","0.98055","2.78219","NA","NA","NA","NA","NA","NA","NA","6","NA","NA","NA","NA","NA","NA","6","6.11678","6.26617","2722","3446","3.60004","0.08146","0.03848","14.33262","14.30151","0.92623","0.80238","NA","NA","NA","NA","4","12"
"Macao SAR, China","133","0","NA","2.13084","4.39328","0","2.83156","0.96814","2.92475","64.40678","100","100","100","100","100","100","6","100","NA","NA","NA","NA","NA","6","6.08537","6.14039","832","1402","3.7182","NA","NA","16.58215","15.34768","4.65464","3.43142","1465.56639","928.17092","NA","NA","5","10"
Madagascar,"132459","151131","0.89484","39.31379","37.11064","41.47165","1.24796","1.09507","1.13962","NA","NA","1.58817","8.31885","0.40847","NA","NA","6","NA","NA","NA","NA","NA","NA","5","7.26924","7.24869","877204","877127","25.74178","0.00688","0.00589","10.19261","10.15767","0.28314","0.30889","389.2899","NA","2173810","1752162","6","5"
Malawi,"NA","NA","NA","NA","NA","NA","NA","NA","NA","NA","NA","NA","24.95552","NA","NA","NA","6","NA","NA","NA","NA","NA","NA","6","8.81742","8.74964","396497","446023","21.26745","NA","NA","NA","NA","NA","NA","266.40585","NA","NA","NA","6","8"
Malaysia,"NA","NA","NA","NA","NA","NA","2.0026","1.02394","1.95579","40.2091","92.11562","NA","97.97048","97.18327","92.11562","100","6","97.12177","NA","NA","NA","NA","NA","6","NA","NA","NA","NA","NA","NA","NA","NA","NA","2.56072","2.11092","14971.09566","6.58284","756355","477561","6","6"
Maldives,"148","226","0.7321","4.86599","4.07826","5.57062","2.73335","1.03791","2.63351","NA","NA","77.72512","100","98.5782","NA","NA","6","NA","NA","NA","NA","NA","NA","7","6.88029","6.64032","NA","NA","NA","NA","NA","NA","NA","NA","NA","NA","NA","NA","NA","6","7"
Mali,"170811","166230","1.05963","55.15822","56.88315","53.49144","0.20801","1.03504","0.20096","NA","NA","NA","NA","NA","NA","NA","7","NA","NA","NA","NA","NA","NA","6","4.24464","4.71791","840981","770899","49.39055","0.01392","0.00661","NA","NA","NA","NA","NA","NA","3764292","2657848","7","9"
Malta,"55","0","2","1.28569","2.67655","0","2.15334","0.97138","2.21678","NA","NA","NA","NA","NA","NA","NA","5","NA","NA","NA","NA","NA","NA","6","6.42321","6.38309","737","1024","NA","0.04599","0.02966","17.051","16.14944","3.21039","2.3389","NA","NA","7572","13125","5","11"
Marshall Islands,"NA","NA","NA","NA","NA","NA","NA","NA","NA","NA","NA","NA","NA","NA","NA","NA","6","NA","NA","NA","NA","NA","NA","6","NA","NA","NA","NA","NA","NA","NA","NA","NA","NA","NA","NA","NA","NA","NA","5","13"
Mauritania,"NA","NA","NA","NA","NA","NA","NA","NA","NA","NA","43.69993","NA","39.57271","NA","NA","NA","6","0","NA","NA","NA","NA","NA","6","6.37471","6.00475","145597","164822","40.42505","NA","NA","9.21038","8.94528","0.17502","0.32311","NA","NA","NA","NA","6","9"
Mauritius,"609","818","0.77392","10.63497","9.25673","11.96081","1.96792","1.01238","1.94385","31.44654","100","100","100","27.04403","88.67925","100","5","0","NA","NA","NA","NA","NA","6","6.11447","5.95378","6949","10709","5.76764","0.28966","0.32562","NA","NA","NA","NA","613.94613","29.83058","56398","33966","5","11"
Mexico,"0","20429","0","0.91354","0","1.78599","2.21459","1.02681","2.15676","NA","NA","NA","NA","NA","NA","NA","6","NA","NA","NA","NA","NA","NA","6","6.32179","6.28175","1032286","1248949","8.75823","NA","NA","15.15889","14.56811","2.16734","2.12976","NA","NA","2592482","1680048","4","14"
"Micronesia, Fed. Sts.","NA","NA","NA","NA","NA","NA","NA","NA","NA","NA","NA","NA","NA","NA","NA","NA","6","NA","NA","NA","NA","NA","NA","6","NA","NA","NA","NA","NA","NA","NA","NA","NA","NA","NA","NA","NA","NA","NA","6","8"
Moldova,"1083","1500","0.76118","6.65704","5.7338","7.53277","3.46232","0.99651","3.47446","NA","100","100","100","90.56143","100","100","7","100","NA","NA","NA","NA","NA","4","3.61994","3.62317","26938","27537","14.5357","0.0027","0.0012","11.77517","11.30316","2.13256","1.60531","548.63504","8.68846","NA","NA","7","11"
Monaco,"NA","NA","NA","NA","NA","NA","NA","NA","NA","100","100","100","100","100","100","100","6","100","NA","NA","NA","NA","NA","5","NA","NA","NA","NA","NA","NA","NA","NA","NA","NA","NA","NA","NA","NA","NA","6","11"
Mongolia,"1894","2202","0.88135","5.85068","5.47747","6.2149","3.47776","0.99804","3.4846","NA","NA","NA","NA","NA","NA","NA","6","NA","NA","NA","NA","NA","NA","5","5.15486","5.29051","NA","NA","NA","0.09868","0.07714","NA","NA","3.72584","2.66784","NA","NA","15269","19520","6","12"
Montenegro,"977","922","1.13303","24.99342","26.85542","23.28283","1.96542","0.90282","2.17697","NA","NA","NA","NA","NA","NA","NA","6","NA","NA","NA","NA","NA","NA","5","4.87747","5.10932","2764","3286","7.10243","NA","NA","15.37342","14.6553","3.24568","2.3975","NA","NA","4542","1378","6","9"
Morocco,"176670","160820","1.13796","50.04953","53.86642","46.43494","0.93777","0.85635","1.09509","17.29386","75.18908","77.19978","95.64656","78.96145","81.05516","89.58679","6","NA","NA","NA","NA","NA","NA","6","6.7284","7.02554","393520","311784","8.31895","0.19628","0.17524","13.28992","14.1454","1.77277","1.8468","NA","NA","4740720","2143819","6","9"
Mozambique,"NA","NA","NA","NA","NA","NA","NA","NA","NA","NA","NA","NA","NA","NA","NA","NA","6","NA","NA","NA","NA","NA","NA","7","7.72096","8.39643","NA","NA","NA","NA","NA","NA","NA","0.32668","0.40541","751.95352","NA","NA","NA","NA","NA"
Myanmar,"NA","NA","NA","NA","NA","NA","0.17184","1.0183","0.16876","0.56833","74.76628","0.51149","NA","0.23017","56.40647","64.41704","5","84.35395","NA","NA","NA","NA","NA","5","5.45998","5.71466","796048","936176","22.10723","NA","NA","10.86946","10.46915","1.13131","0.81475","1374.62581","26.21288","NA","NA","5","5"
Namibia,"9308","10256","0.9071","31.12412","29.60842","32.64059","0.70129","1.0358","0.67706","NA","NA","NA","72.55461","NA","NA","NA","7","NA","NA","NA","NA","NA","NA","7","8.7047","9.09447","NA","NA","NA","0.6507","0.54181","NA","NA","NA","NA","NA","NA","69386","61487","7","7"
Nauru,"NA","NA","NA","NA","NA","NA","NA","NA","NA","NA","NA","NA","NA","NA","NA","NA","6","NA","NA","NA","NA","NA","NA","6","NA","NA","NA","NA","NA","NA","NA","NA","NA","NA","NA","NA","NA","NA","NA","4","14"
Nepal,"NA","NA","NA","NA","NA","NA","NA","NA","NA","NA","NA","NA","NA","NA","NA","NA","5","NA","NA","NA","NA","NA","NA","5","NA","NA","NA","NA","NA","NA","NA","NA","NA","0.64122","0.59821","1169.80968","NA","4460819","1814355","3","10"
Netherlands,"287","969","0.31254","0.70342","0.33034","1.05698","2.69269","1.01727","2.64699","NA","100","100","100","100","100","100","6","NA","NA","NA","NA","NA","NA","6","6.29681","6.2997","5804","11537","3.09147","NA","NA","18.848","18.28212","4.50171","3.98853","NA","NA","NA","NA","5","13"
New Caledonia,"NA","NA","NA","NA","NA","NA","NA","NA","NA","NA","NA","NA","NA","NA","NA","NA","6","NA","NA","NA","NA","NA","NA","5","NA","NA","NA","NA","NA","NA","NA","NA","NA","NA","NA","NA","NA","NA","NA","0","0"
New Zealand,"2089","1759","1.1984","6.24238","6.94858","5.56998","1.86144","0.9794","1.90059","NA","NA","NA","NA","NA","NA","NA","5","NA","NA","NA","NA","NA","NA","6","6.08212","6.04538","2080","5202","1.19318","0.64543","0.6897","19.88284","17.8642","4.91219","3.45287","NA","NA","NA","NA","6","10"
Nicaragua,"NA","NA","NA","NA","NA","NA","NA","NA","NA","NA","NA","NA","NA","NA","NA","NA","6","NA","NA","NA","NA","NA","NA","6","NA","NA","NA","NA","NA","NA","NA","NA","NA","NA","NA","NA","NA","NA","NA","5","7"
Niger,"NA","NA","NA","NA","NA","NA","0.24756","1.07243","0.23084","NA","15.60164","2.01765","5.39538","0","NA","NA","7","5.60895","NA","NA","NA","NA","NA","6","NA","NA","NA","NA","NA","NA","NA","NA","NA","0.13272","0.34897","423.82739","NA","4151801","3138803","NA","NA"
Nigeria,"NA","NA","NA","NA","NA","NA","NA","NA","NA","NA","NA","NA","NA","NA","NA","NA","6","NA","NA","NA","NA","NA","NA","6","NA","NA","NA","NA","NA","NA","NA","NA","NA","NA","NA","NA","NA","25859658","15904134","6","9"
North Macedonia,"5598","6064","0.99366","51.31116","51.14197","51.46834","1.27311","1.02091","1.24703","NA","NA","NA","NA","NA","NA","NA","6","NA","NA","NA","NA","NA","NA","5","4.89994","4.91036","NA","NA","NA","0.0212","0.00559","13.7219","13.30449","2.43228","1.83903","NA","NA","NA","NA","6","13"
Northern Mariana Islands,"NA","NA","NA","NA","NA","NA","NA","NA","NA","NA","NA","NA","NA","NA","NA","NA","NA","NA","NA","NA","NA","NA","NA","NA","NA","NA","NA","NA","NA","NA","NA","NA","NA","NA","NA","NA","NA","NA","NA","NA","NA"
Norway,"876","1034","0.89528","3.01072","2.84002","3.17221","2.88211","1.00161","2.87747","NA","100","100","100","100","100","100","6","NA","NA","NA","NA","NA","NA","7","7.00509","7.00506","7672","8169","NA","0.09985","0.14513","18.81904","17.46279","4.86261","3.30538","NA","NA","NA","NA","6","10"
Oman,"6454","7906","0.86657","19.30419","17.88604","20.64014","1.06775","1.05468","1.0124","NA","100","100","100","100","100","100","6","0","NA","NA","NA","NA","NA","4","4.26971","3.89478","15880","3419","NA","NA","NA","14.97261","13.70651","2.59801","1.06676","NA","NA","81852","79321","6","10"
Pakistan,"314281","0","2","6.11583","12.69871","0","1.56775","0.87164","1.79862","NA","NA","NA","NA","NA","NA","NA","5","NA","NA","NA","NA","NA","NA","5","4.39471","5.19667","NA","NA","NA","0.0037","0.00326","7.57943","8.92168","0.41602","0.4777","NA","NA","NA","NA","5","12"
Palau,"NA","NA","NA","NA","NA","NA","NA","NA","NA","NA","NA","NA","NA","NA","NA","NA","6","NA","NA","NA","NA","NA","NA","6","NA","NA","NA","NA","NA","NA","NA","NA","NA","NA","NA","NA","NA","NA","NA","6","12"
Panama,"NA","NA","NA","NA","NA","NA","NA","NA","NA","NA","NA","NA","NA","NA","NA","NA","6","NA","NA","NA","NA","NA","NA","6","NA","NA","NA","NA","NA","NA","NA","NA","NA","NA","NA","NA","NA","78385","61072","4","11"
Papua New Guinea,"NA","NA","NA","NA","NA","NA","NA","NA","NA","NA","NA","NA","NA","NA","NA","NA","7","NA","NA","NA","NA","NA","NA","6","NA","NA","NA","NA","NA","NA","NA","NA","NA","NA","NA","435.82116","NA","NA","NA","NA","NA"
Paraguay,"NA","NA","NA","NA","NA","NA","NA","NA","NA","NA","NA","NA","NA","NA","NA","NA","6","NA","NA","NA","NA","NA","NA","6","NA","NA","NA","NA","NA","NA","NA","NA","NA","NA","NA","NA","NA","156402","136674","5","13"
Peru,"4134","0","2","0.76741","1.5497","0","3.10132","0.99903","3.10435","30.08277","54.50715","78.31201","79.93479","40.77","NA","NA","6","NA","NA","NA","NA","NA","NA","6","6.32309","6.54746","135772","77283","NA","NA","NA","NA","NA","NA","NA","8168.56238","2.50887","996506","337618","3","14"
Philippines,"160325","190257","0.88215","15.42628","14.43971","16.36869","0.9831","0.96652","1.01715","NA","55.75889","78.15708","93.93904","31.41533","77.12476","57.98972","6","100","NA","NA","NA","NA","NA","6","6.01344","6.2478","NA","NA","13.52999","NA","NA","NA","NA","NA","NA","NA","NA","NA","NA","5","13"
Poland,"9370","8990","1.08923","4.56211","4.78098","4.35435","3.50519","0.99689","3.51611","NA","NA","NA","NA","NA","NA","NA","7","NA","NA","NA","NA","NA","NA","6","5.76162","5.83862","35432","25778","0.9991","0.47651","0.69543","16.79641","15.29002","3.83822","2.52204","NA","NA","NA","NA","6","10"
Portugal,"2722","2499","1.12465","5.79532","6.1903","5.41871","2.70544","0.98905","2.73538","NA","100","100","100","100","100","100","6","NA","NA","NA","NA","NA","NA","6","6.27771","6.44098","2546","355","NA","0.04189","0.0275","16.75862","16.68194","3.35954","2.97047","NA","NA","233247","109622","6","12"
Puerto Rico,"NA","NA","NA","NA","NA","NA","NA","NA","NA","NA","NA","NA","NA","NA","NA","NA","6","NA","NA","NA","NA","NA","NA","6","4.96029","5.00745","17959","28783","23.09171","0.86371","0.91772","17.9913","15.01551","6.75795","4.28398","NA","NA","NA","NA","5","13"
Qatar,"752","1270","0.63353","7.55549","5.81638","9.18094","1.81925","1.01341","1.79518","100","100","100","100","100","100","100","6","100","NA","NA","NA","NA","NA","6","6.20468","6.15777","NA","NA","3.93625","0.00839","0.0152","14.09975","11.30983","2.32662","0.27514","NA","NA","NA","NA","6","9"
Romania,"17761","18729","1.00384","17.77537","17.81051","17.74218","2.65894","1.00506","2.64556","NA","NA","NA","NA","NA","NA","NA","6","NA","NA","NA","NA","NA","NA","5","4.3469","4.38474","110214","124946","8.73991","0.3978","0.56125","14.73904","13.84396","2.69677","2.09548","NA","NA","119609","70769","7","10"
Russian Federation,"90090","83688","1.11751","9.73922","10.36374","9.14592","3.42029","0.97816","3.49667","NA","NA","NA","NA","NA","NA","NA","7","NA","NA","NA","NA","NA","NA","4","4.16414","4.21463","37678","61132","NA","0.02904","0.02092","15.92145","15.50271","4.59171","3.89181","NA","NA","174125","148797","7","11"
Rwanda,"85009","88131","0.97002","52.15861","51.36278","52.94998","0.68381","1.03207","0.66256","23.51323","53.5923","75.45548","NA","30.01031","65.96769","NA","7","100","NA","NA","NA","NA","NA","6","8.1555","8.30537","196174","214278","10.14663","0.06228","0.03439","11.17684","11.1992","0.33726","0.42668","279.16988","8.70959","1164074","803552","7","6"
Samoa,"1461","1780","0.88443","62.02871","58.09145","65.68266","1.04609","1.16375","0.89889","NA","100","NA","100","NA","100","100","5","NA","NA","NA","NA","NA","NA","6","6.67767","6.70273","NA","NA","NA","NA","NA","NA","NA","1.2689","0.60723","NA","NA","441","652","5","8"
San Marino,"0","20","0","6.30915","0","12.04819","2.95391","1.04224","2.83419","100","100","100","100","100","100","100","6","NA","NA","NA","NA","NA","NA","5","5.84789","5.01668","452","407","NA","NA","NA","12.82909","13.26898","1.87757","2.58688","55.55962","1.52371","14","10","6","10"
Sao Tome and Principe,"NA","NA","NA","NA","NA","NA","NA","NA","NA","NA","NA","NA","NA","NA","NA","NA","6","NA","NA","NA","NA","NA","NA","6","NA","NA","NA","NA","NA","NA","NA","NA","NA","NA","NA","19.82434","NA","6401","2312","6","6"
Saudi Arabia,"NA","NA","0.82505","54.19435","NA","NA","0.65804","1.04938","0.62708","100","100","100","100","100","100","100","6","100","NA","NA","NA","NA","NA","6","6.05913","5.99142","67899","2699","0.36638","0.0095","0.01195","15.76368","15.59441","3.27774","2.85052","NA","NA","NA","NA","6","9"
Senegal,"NA","NA","NA","NA","NA","NA","NA","NA","NA","NA","NA","NA","NA","NA","NA","NA","6","NA","NA","NA","NA","NA","NA","6","NA","NA","NA","NA","NA","NA","NA","NA","NA","0.51525","0.76179","1079.56336","202.87538","NA","NA","6","11"
Serbia,"2048","2053","1.06434","6.28063","6.49684","6.07882","2.48588","0.99442","2.49982","NA","NA","NA","NA","NA","NA","NA","7","NA","NA","NA","NA","NA","NA","4","4.01421","4.01108","16807","21153","1.60535","0.01654","0.0058","15.27885","14.22612","3.61278","2.6179","1651.36852","21.98208","NA","NA","7","8"
Seychelles,"30","46","0.69064","4.73225","3.84615","5.56901","1.93134","1.02264","1.88858","6.89655","100","100","100","100","100","100","6","89.65517","NA","NA","NA","NA","NA","6","6.22438","5.88078","204","497","NA","1.61984","2.11321","15.33334","13.07452","1.13429","0.53249","NA","NA","1316","1747","6","10"
Sierra Leone,"61307","64038","0.95836","58.32794","57.08712","59.56746","0.44034","1.11501","0.39492","4.62725","51.58526","2.57069","5.61268","0.55698","66.4096","47.17224","6","23.23622","NA","NA","NA","NA","NA","6","6.82965","6.60111","353779","345675","48.89217","NA","NA","NA","NA","NA","NA","270.39024","0","1476321","1084522","6","9"
Singapore,"NA","NA","NA","NA","NA","NA","NA","NA","NA","93.06122","100","100","100","100","100","100","6","90.61224","NA","NA","NA","NA","NA","6","6.01485","6.01867","359","121","0.19529","2.44458","2.39718","16.72926","16.36606","4.1152","3.62606","NA","717.64981","97918","30462","6","6"
Sint Maarten (Dutch part),"NA","NA","NA","NA","NA","NA","NA","NA","NA","NA","NA","NA","NA","NA","NA","NA","6","NA","NA","NA","NA","NA","NA","6","NA","NA","NA","NA","NA","NA","NA","NA","NA","NA","NA","NA","NA","NA","NA","4","14"
Slovak Republic,"4770","4472","1.10464","16.03456","16.94133","15.16858","2.88529","0.9787","2.94808","NA","NA","NA","NA","NA","NA","NA","6","NA","NA","NA","NA","NA","NA","4","4.00597","4.02224","17513","18347","4.51609","0.19726","0.21444","14.97922","14.0049","2.53678","1.67356","NA","NA","NA","NA","6","10"
Slovenia,"685","584","1.19626","5.74546","6.39112","5.13678","2.74317","0.98324","2.78994","NA","NA","NA","NA","NA","NA","NA","6","NA","NA","NA","NA","NA","NA","6","6.14205","6.14139","843","1392","1.92166","NA","NA","18.35878","16.87892","4.27599","2.95566","NA","NA","NA","NA","6","9"
Solomon Islands,"3600","4096","0.93692","41.32524","39.93787","42.6267","2.71623","1.01696","2.67092","NA","NA","0","49.65035","0","NA","NA","6","NA","NA","NA","NA","NA","NA","6","6.75742","6.79711","NA","NA","NA","NA","NA","NA","NA","NA","NA","NA","NA","NA","NA","NA","NA"
Somalia,"NA","NA","NA","NA","NA","NA","NA","NA","NA","NA","NA","NA","NA","NA","NA","NA","6","NA","NA","NA","NA","NA","NA","6","NA","NA","NA","NA","NA","NA","NA","NA","NA","NA","NA","NA","NA","NA","NA","NA","NA"
South Africa,"NA","NA","NA","NA","NA","NA","0.70839","1.00811","0.70269","NA","NA","NA","NA","NA","NA","NA","7","NA","NA","NA","NA","NA","NA","7","6.7729","7.09171","411263","467826","15.53172","0.36402","0.46044","13.86756","13.2074","1.47784","1.02139","18510.80339","2594.1254","NA","NA","7","9"
South Sudan,"NA","NA","NA","NA","NA","NA","NA","NA","NA","NA","NA","NA","NA","NA","NA","NA","6","NA","NA","NA","NA","NA","NA","6","NA","NA","NA","NA","NA","NA","NA","NA","NA","NA","NA","NA","NA","2287932","1893301","6","8"
Spain,"11396","12949","0.93757","5.12756","4.95728","5.2874","2.86776","0.99903","2.87056","NA","100","100","100","100","100","100","6","NA","NA","NA","NA","NA","NA","6","6.13561","6.08351","7087","19889","NA","0.04572","0.0549","18.20959","17.31837","4.56662","3.79245","NA","NA","414307","208445","6","10"
Sri Lanka,"NA","NA","NA","NA","NA","NA","1.41123","1.05985","1.33154","NA","86.71071","50.76357","99.95668","15.84534","86.71071","90.49063","5","NA","NA","NA","NA","NA","NA","5","4.97993","5.03444","91061","121735","0.14894","0.05981","0.05085","14.46011","13.7606","1.17211","0.78997","1918.56659","0","781235","549576","5","11"
St. Kitts and Nevis,"NA","NA","NA","NA","NA","NA","NA","NA","NA","NA","NA","NA","NA","NA","NA","NA","5","NA","NA","NA","NA","NA","NA","7","NA","NA","NA","NA","NA","NA","NA","NA","NA","NA","NA","NA","NA","NA","NA","5","12"
St. Lucia,"0","95","NA","4.35932","0","8.60444","1.54889","1.09912","1.40921","NA","100","100","100","100","100","100","5","NA","NA","NA","NA","NA","NA","7","7.23305","7.13195","1017","987","12.16959","1.63661","2.02817","14.69305","13.30756","0.94698","0.47918","64.31896","9.65462","NA","NA","5","10"
St. Martin (French part),"NA","NA","NA","NA","NA","NA","NA","NA","NA","NA","NA","NA","NA","NA","NA","NA","NA","NA","NA","NA","NA","NA","NA","NA","NA","NA","NA","NA","NA","NA","NA","NA","NA","NA","NA","NA","NA","NA","NA","NA","NA"
St. Vincent and the Grenadines,"344","9","1.97365","21.47202","41.69697","1.0989","2.2385","1.02427","2.18546","100","100","100","100","100","100","100","5","100","NA","NA","NA","NA","NA","7","7.8999","7.99543","258","390","NA","NA","NA","NA","NA","NA","NA","46.08057","7.31673","NA","NA","5","12"
Sudan,"NA","NA","NA","NA","NA","NA","NA","NA","NA","NA","NA","NA","NA","NA","NA","NA","6","NA","NA","NA","NA","NA","NA","6","NA","NA","NA","NA","NA","NA","NA","NA","NA","NA","NA","NA","NA","5523779","4250138","6","8"
Suriname,"522","500","1.1085","9.72685","10.30602","9.1878","1.72495","1.00478","1.71675","NA","NA","NA","NA","NA","NA","NA","6","NA","NA","NA","NA","NA","NA","6","6.53655","6.54717","NA","NA","NA","NA","NA","NA","NA","NA","NA","NA","NA","15376","8186","7","6"
Sweden,"142","201","0.74753","0.28584","0.24355","0.32581","3.87953","0.99357","3.90464","NA","NA","NA","NA","NA","NA","NA","7","NA","NA","NA","NA","NA","NA","6","7.60485","7.50482","NA","NA","NA","0.18465","0.2156","20.70563","18.71478","4.09099","2.58862","NA","NA","NA","NA","7","9"
Switzerland,"119","0","2","0.14182","0.29151","0","2.02335","0.98024","2.06413","NA","NA","NA","NA","NA","NA","NA","7","NA","NA","NA","NA","NA","NA","6","6.28878","6.32773","35220","30210","0.67101","0.12147","0.14805","16.31164","16.51264","2.93373","2.82629","NA","NA","NA","NA","5","11"
Syrian Arab Republic,"NA","NA","NA","NA","NA","NA","NA","NA","NA","NA","NA","NA","NA","NA","NA","NA","6","NA","NA","NA","NA","NA","NA","6","NA","NA","NA","NA","NA","NA","NA","NA","NA","NA","NA","NA","NA","NA","NA","6","9"
Tajikistan,"NA","NA","NA","NA","NA","NA","NA","NA","NA","NA","NA","NA","NA","NA","NA","NA","7","NA","NA","NA","NA","NA","NA","4","NA","NA","NA","NA","NA","NA","NA","NA","NA","NA","NA","NA","NA","NA","NA","7","9"
Tanzania,"361610","397891","0.93066","44.68681","43.06357","46.27194","0.82109","0.99846","0.82236","NA","NA","NA","NA","NA","NA","NA","7","NA","NA","NA","NA","NA","NA","7","6.70951","6.56519","NA","NA","NA","0.11142","0.07349","NA","NA","NA","NA","1964.71421","NA","NA","NA","7","7"
Thailand,"0","3562","0","0.45568","0","0.8855","2.34117","1.00159","2.33744","NA","NA","NA","NA","NA","NA","NA","6","NA","NA","NA","NA","NA","NA","6","5.91443","5.92612","NA","NA","NA","NA","NA","NA","NA","NA","NA","NA","NA","2258859","1330439","6","9"
Timor-Leste,"8721","8955","1.0113","57.36167","57.69383","57.04185","0.68964","1.01177","0.68162","NA","67.31669","NA","82.13729","NA","NA","NA","6","NA","NA","NA","NA","NA","NA","6","6.77352","7.02003","16145","19341","13.58027","NA","NA","NA","NA","NA","NA","108.49131","NA","140190","111741","6","9"
Togo,"3719","3891","0.96069","3.40198","3.3336","3.47002","0.7005","1.02897","0.68078","NA","NA","2.60123","24.95307","NA","NA","57.76348","6","NA","NA","NA","NA","NA","NA","6","7.40369","7.66445","NA","NA","NA","NA","NA","NA","NA","0.48988","0.96131","271.51868","NA","NA","NA","6","10"
Tonga,"NA","NA","NA","NA","NA","NA","NA","NA","NA","NA","NA","NA","NA","NA","NA","NA","6","NA","NA","NA","NA","NA","NA","6","NA","NA","NA","NA","NA","NA","NA","NA","NA","NA","NA","NA","NA","179","212","4","15"
Trinidad and Tobago,"NA","NA","NA","NA","NA","NA","NA","NA","NA","NA","NA","NA","NA","NA","NA","NA","5","NA","NA","NA","NA","NA","NA","7","NA","NA","NA","NA","NA","NA","NA","NA","NA","NA","NA","NA","NA","NA","NA","5","7"
Tunisia,"NA","NA","NA","NA","NA","NA","NA","NA","NA","NA","98.49684","95.5894","99.94066","48.65506","99.52532","NA","6","NA","NA","NA","NA","NA","NA","6","6.91632","6.99256","NA","NA","NA","NA","NA","NA","NA","2.06175","1.14016","NA","NA","NA","NA","6","9"
Turkiye,"167814","161531","1.0797","24.26164","25.2922","23.27633","1.0803","0.96066","1.12454","NA","NA","NA","NA","NA","NA","NA","6","NA","NA","NA","NA","NA","NA","4","3.77281","3.81615","637215","618155","5.66746","NA","NA","17.61348","18.70378","5.56042","6.38338","NA","NA","NA","NA","6","12"
Turkmenistan,"NA","NA","NA","NA","NA","NA","NA","NA","NA","NA","NA","NA","NA","NA","NA","NA","6","NA","NA","NA","NA","NA","NA","4","NA","NA","NA","NA","NA","NA","NA","NA","NA","NA","NA","NA","NA","NA","NA","6","12"
Turks and Caicos Islands,"0","47","0","9.52006","0","18.58679","2.37109","1.17992","2.00953","NA","100","96.55172","100","93.10345","100","100","6","NA","NA","NA","NA","NA","NA","6","6.9653","6.93689","363","378","21.78112","NA","NA","NA","NA","NA","NA","NA","0","NA","NA","4","13"
Tuvalu,"12","20","0.63231","11.98502","9.23077","14.59854","2.42575","0.94301","2.57234","NA","NA","NA","100","NA","NA","NA","6","NA","NA","NA","NA","NA","NA","6","4.94323","5.36397","229","314","22.67206","NA","NA","NA","NA","NA","NA","NA","NA","NA","NA","7","8"
Uganda,"NA","NA","NA","NA","NA","NA","NA","NA","NA","NA","NA","NA","NA","NA","NA","NA","6","NA","NA","NA","NA","NA","NA","7","NA","NA","NA","NA","NA","NA","NA","NA","NA","NA","NA","641.21318","NA","3429267","1893389","6","7"
Ukraine,"NA","NA","NA","NA","NA","NA","NA","NA","NA","66.01164","NA","81.51383","100","57.78748","78.3115","NA","6","NA","NA","NA","NA","NA","NA","4","NA","NA","NA","NA","NA","0.20839","0.16443","NA","NA","NA","NA","NA","NA","NA","NA","6","11"
United Arab Emirates,"NA","NA","NA","NA","NA","NA","NA","NA","NA","NA","NA","NA","NA","NA","NA","NA","6","NA","NA","NA","NA","NA","NA","5","NA","NA","NA","NA","NA","NA","NA","NA","NA","NA","NA","NA","NA","NA","NA","6","6"
United Kingdom,"4","0","2","0.00051","0.00105","0","2.14139","0.99933","2.14283","NA","NA","NA","NA","NA","NA","NA","5","NA","NA","NA","NA","NA","NA","6","6.0561","6.07376","60028","70569","NA","NA","NA","17.73713","16.76346","3.4044","2.53023","NA","NA","NA","NA","5","11"
United States,"161213","239850","0.70238","10.0221","8.23831","11.7291","2.1797","1.01508","2.14731","NA","NA","NA","NA","NA","NA","NA","6","NA","NA","NA","NA","NA","NA","6","6.06486","6.07364","213231","279687","NA","0.27092","0.32816","16.90985","15.67372","4.59143","3.40659","NA","NA","NA","NA","6","12"
Uruguay,"166","0","NA","0.35031","0.71561","0","2.85498","1.00244","2.84804","100","100","100","100","100","NA","NA","6","100","NA","NA","NA","NA","NA","6","6.32022","6.37828","NA","NA","NA","NA","NA","NA","NA","NA","NA","3053.51384","141.63073","14253","21206","4","14"
Uzbekistan,"197474","206679","1.00759","63.28269","63.53017","63.04803","1.10228","0.96485","1.14243","NA","90.22784","96.68687","100","88.66012","90.18604","92.28679","7","NA","NA","NA","NA","NA","NA","4","4.12854","4.19211","160718","141665","1.85918","NA","NA","12.09675","12.40087","0.41238","0.58337","NA","NA","1660","2","7","12"
Vanuatu,"NA","NA","NA","NA","NA","NA","NA","NA","NA","NA","NA","NA","NA","NA","NA","NA","6","NA","NA","NA","NA","NA","NA","6","NA","NA","NA","NA","NA","NA","NA","NA","NA","NA","NA","NA","NA","11892","10469","NA","NA"
"Venezuela, RB","NA","NA","NA","NA","NA","NA","NA","NA","NA","NA","NA","NA","NA","NA","NA","NA","6","NA","NA","NA","NA","NA","NA","6","NA","NA","NA","NA","NA","NA","NA","NA","NA","NA","NA","NA","NA","NA","NA","0","17"
Viet Nam,"1424","0","2","0.09368","0.1987","0","2.99057","0.98968","3.02176","NA","NA","NA","NA","NA","NA","NA","6","NA","NA","NA","NA","NA","NA","5","5.59531","5.47938","NA","NA","NA","NA","NA","NA","NA","NA","NA","9985.79966","NA","2393487","1276494","5","10"
Virgin Islands (U.S.),"NA","NA","NA","NA","NA","NA","NA","NA","NA","NA","NA","NA","NA","NA","NA","NA","6","NA","NA","NA","NA","NA","NA","6","NA","NA","NA","NA","NA","NA","NA","NA","NA","NA","NA","NA","NA","NA","NA","NA","NA"
West Bank and Gaza,"20228","22293","0.94903","32.20336","31.34277","33.02618","1.12897","1.00049","1.12843","46.4503","99.79716","73.63083","100","84.98986","95.74037","99.39148","6","NA","NA","NA","NA","NA","NA","4","3.94493","3.93505","32813","68124","4.32624","0.00529","0.00625","14.28559","12.56511","2.84429","1.85458","NA","NA","62599","20118","6","10"
"Yemen, Rep.","NA","NA","NA","NA","NA","NA","NA","NA","NA","NA","NA","NA","NA","NA","NA","NA","6","NA","NA","NA","NA","NA","NA","6","NA","NA","NA","NA","NA","NA","NA","NA","NA","NA","NA","NA","NA","NA","NA","6","9"
Zambia,"NA","NA","NA","NA","NA","NA","NA","NA","NA","NA","NA","NA","NA","NA","NA","NA","7","NA","NA","NA","NA","NA","NA","7","NA","NA","NA","NA","NA","NA","NA","NA","NA","NA","NA","1242.81535","NA","828427","437739","7","7"
Zimbabwe,"NA","NA","NA","NA","NA","NA","NA","NA","NA","NA","NA","NA","NA","NA","NA","NA","6","NA","NA","NA","NA","NA","NA","7","NA","NA","NA","NA","NA","NA","NA","NA","NA","NA","NA","1356.59936","NA","NA","NA","6","7"
,"","","","","","","","","","","","","","","","","","","","","","","","","","","","","","","","","","","","","","","","",""
,"","","","","","","","","","","","","","","","","","","","","","","","","","","","","","","","","","","","","","","","",""
,"","","","","","","","","","","","","","","","","","","","","","","","","","","","","","","","","","","","","","","","",""
Data from database: Education Statistics - All Indicators,"","","","","","","","","","","","","","","","","","","","","","","","","","","","","","","","","","","","","","","","",""
Last Updated: 06/25/2024,"","","","","","","","","","","","","","","","","","","","","","","","","","","","","","","","","","","","","","","","",""
